代码,名称,实际控制人,类型,总市值(亿)
601857,中国石油,国务院国有资产监督管理委员会,国务院国资委(直接),20516.7
601088,中国神华,国务院国有资产监督管理委员会,国务院国资委(直接),9996.7
600900,长江电力,国务院国有资产监督管理委员会,国务院国资委(直接),6785.0
601728,中国电信,国务院国有资产监督管理委员会,国务院国资委(直接),5783.3
601919,中远海控,国务院国有资产监督管理委员会,国务院国资委(直接),2442.9
003816,中国广核,国务院国有资产监督管理委员会,国务院国资委(直接),2166.4
601898,中煤能源,国务院国有资产监督管理委员会,国务院国资委(直接),1947.7
601985,中国核电,国务院国有资产监督管理委员会,国务院国资委(直接),1832.6
601668,中国建筑,国务院国有资产监督管理委员会,国务院国资委(直接),1805.7
600406,国电南瑞,国务院国有资产监督管理委员会,国务院国资委(直接),1804.7
601766,中国中车,国务院国有资产监督管理委员会,国务院国资委(直接),1787.9
600025,华能水电,国务院国有资产监督管理委员会,国务院国资委(直接),1775.5
601600,中国铝业,国务院国有资产监督管理委员会,国务院国资委(直接),1667.5
600050,中国联通,国务院国有资产监督管理委员会,国务院国资委(直接),1325.6
001289,龙源电力,国务院国有资产监督管理委员会,国务院国资委(直接),1264.0
600019,宝钢股份,国务院国有资产监督管理委员会,国务院国资委(直接),1261.2
600489,中金黄金,国务院国有资产监督管理委员会,国务院国资委(直接),1228.3
601111,中国国航,国务院国有资产监督管理委员会,国务院国资委(直接),1198.8
601888,中国中免,国务院国有资产监督管理委员会,国务院国资委(直接),1134.3
600886,国投电力,国务院国有资产监督管理委员会,国务院国资委(直接),1128.6
600026,中远海能,国务院国有资产监督管理委员会,国务院国资委(直接),1103.0
601868,中国能建,国务院国有资产监督管理委员会,国务院国资委(直接),1097.2
601390,中国中铁,国务院国有资产监督管理委员会,国务院国资委(直接),1076.9
600011,华能国际,国务院国有资产监督管理委员会,国务院国资委(直接),1073.7
601991,大唐发电,国务院国有资产监督管理委员会,国务院国资委(直接),1034.5
601800,中国交建,国务院国有资产监督管理委员会,国务院国资委(直接),971.2
000807,云铝股份,国务院国有资产监督管理委员会,国务院国资委(直接),948.1
600795,国电电力,国务院国有资产监督管理委员会,国务院国资委(直接),934.6
600029,南方航空,国务院国有资产监督管理委员会,国务院国资委(直接),909.7
600875,东方电气,国务院国有资产监督管理委员会,国务院国资委(直接),864.9
601186,中国铁建,国务院国有资产监督管理委员会,国务院国资委(直接),828.4
601669,中国电建,国务院国有资产监督管理委员会,国务院国资委(直接),799.3
600482,中国动力,国务院国有资产监督管理委员会,国务院国资委(直接),781.2
600115,中国东航,国务院国有资产监督管理委员会,国务院国资委(直接),773.1
600236,桂冠电力,国务院国有资产监督管理委员会,国务院国资委(直接),760.6
000625,长安汽车,国务院国有资产监督管理委员会,国务院国资委(直接),711.7
301638,南网数字,国务院国有资产监督管理委员会,国务院国资委(直接),696.0
601179,中国西电,国务院国有资产监督管理委员会,国务院国资委(直接),638.7
688187,时代电气,国务院国有资产监督管理委员会,国务院国资委(直接),621.6
600378,昊华科技,国务院国有资产监督管理委员会,国务院国资委(直接),612.4
600027,华电国际,国务院国有资产监督管理委员会,国务院国资委(直接),558.5
600498,烽火通信,国务院国有资产监督管理委员会,国务院国资委(直接),552.0
601618,中国中冶,国务院国有资产监督管理委员会,国务院国资委(直接),540.1
688009,中国通号,国务院国有资产监督管理委员会,国务院国资委(直接),520.0
600497,驰宏锌锗,国务院国有资产监督管理委员会,国务院国资委(直接),509.1
601117,中国化学,国务院国有资产监督管理委员会,国务院国资委(直接),450.0
000878,云南铜业,国务院国有资产监督管理委员会,国务院国资委(直接),442.4
688387,信科移动,国务院国有资产监督管理委员会,国务院国资委(直接),433.8
600061,国投资本,国务院国有资产监督管理委员会,国务院国资委(直接),414.3
600206,有研新材,国务院国有资产监督管理委员会,国务院国资委(直接),401.0
600995,南网储能,国务院国有资产监督管理委员会,国务院国资委(直接),397.6
600685,中船防务,国务院国有资产监督管理委员会,国务院国资委(直接),393.0
600737,中粮糖业,国务院国有资产监督管理委员会,国务院国资委(直接),388.4
600021,上海电力,国务院国有资产监督管理委员会,国务院国资委(直接),379.5
688027,国盾量子,国务院国有资产监督管理委员会,国务院国资委(直接),374.5
601866,中远海发,国务院国有资产监督管理委员会,国务院国资委(直接),325.7
601611,中国核建,国务院国有资产监督管理委员会,国务院国资委(直接),322.5
600428,中远海特,国务院国有资产监督管理委员会,国务院国资委(直接),310.6
002025,航天电器,国务院国有资产监督管理委员会,国务院国资委(直接),300.7
000800,一汽解放,国务院国有资产监督管理委员会,国务院国资委(直接),296.8
600517,国网英大,国务院国有资产监督管理委员会,国务院国资委(直接),292.2
600299,安迪苏,国务院国有资产监督管理委员会,国务院国资委(直接),272.9
600312,平高电气,国务院国有资产监督管理委员会,国务院国资委(直接),271.4
601918,新集能源,国务院国有资产监督管理委员会,国务院国资委(直接),268.1
688248,南网科技,国务院国有资产监督管理委员会,国务院国资委(直接),261.3
000830,鲁西化工,国务院国有资产监督管理委员会,国务院国资委(直接),245.3
600486,扬农化工,国务院国有资产监督管理委员会,国务院国资委(直接),239.2
000547,航天发展,国务院国有资产监督管理委员会,国务院国资委(直接),234.0
600100,同方股份,国务院国有资产监督管理委员会,国务院国资委(直接),230.2
002423,中粮资本,国务院国有资产监督管理委员会,国务院国资委(直接),227.9
601016,节能风电,国务院国有资产监督管理委员会,国务院国资委(直接),220.5
000400,许继电气,国务院国有资产监督管理委员会,国务院国资委(直接),220.0
600320,振华重工,国务院国有资产监督管理委员会,国务院国资委(直接),219.7
688425,铁建重工,国务院国有资产监督管理委员会,国务院国资委(直接),217.6
003035,南网能源,国务院国有资产监督管理委员会,国务院国资委(直接),214.4
601106,中国一重,国务院国有资产监督管理委员会,国务院国资委(直接),211.2
600500,中化国际,国务院国有资产监督管理委员会,国务院国资委(直接),209.6
300073,当升科技,国务院国有资产监督管理委员会,国务院国资委(直接),208.1
600970,中材国际,国务院国有资产监督管理委员会,国务院国资委(直接),206.3
600550,保变电气,国务院国有资产监督管理委员会,国务院国资委(直接),202.2
600582,天地科技,国务院国有资产监督管理委员会,国务院国资委(直接),196.2
000969,安泰科技,国务院国有资产监督管理委员会,国务院国资委(直接),182.7
600131,国网信通,国务院国有资产监督管理委员会,国务院国资委(直接),177.0
600345,长江通信,国务院国有资产监督管理委员会,国务院国资委(直接),176.7
000591,太阳能,国务院国有资产监督管理委员会,国务院国资委(直接),169.9
002320,海峡股份,国务院国有资产监督管理委员会,国务院国资委(直接),160.8
600528,中铁工业,国务院国有资产监督管理委员会,国务院国资委(直接),155.7
000537,绿发电力,国务院国有资产监督管理委员会,国务院国资委(直接),155.6
000927,中国铁物,国务院国有资产监督管理委员会,国务院国资委(直接),153.7
000778,新兴铸管,国务院国有资产监督管理委员会,国务院国资委(直接),152.2
000553,安道麦A,国务院国有资产监督管理委员会,国务院国资委(直接),141.0
000966,长源电力,国务院国有资产监督管理委员会,国务院国资委(直接),140.6
000410,沈阳机床,国务院国有资产监督管理委员会,国务院国资委(直接),140.4
600452,涪陵电力,国务院国有资产监督管理委员会,国务院国资委(直接),139.8
601965,中国汽研,国务院国有资产监督管理委员会,国务院国资委(直接),138.8
601068,中铝国际,国务院国有资产监督管理委员会,国务院国资委(直接),138.6
600056,中国医药,国务院国有资产监督管理委员会,国务院国资委(直接),136.4
600072,中船科技,国务院国有资产监督管理委员会,国务院国资委(直接),136.3
600916,中国黄金,国务院国有资产监督管理委员会,国务院国资委(直接),133.9
600764,中国海防,国务院国有资产监督管理委员会,国务院国资委(直接),131.5
300034,钢研高纳,国务院国有资产监督管理委员会,国务院国资委(直接),131.0
300070,碧水源,国务院国有资产监督管理委员会,国务院国资委(直接),128.3
600271,航天信息,国务院国有资产监督管理委员会,国务院国资委(直接),128.0
600744,华银电力,国务院国有资产监督管理委员会,国务院国资委(直接),126.5
000758,中色股份,国务院国有资产监督管理委员会,国务院国资委(直接),124.6
002182,宝武镁业,国务院国有资产监督管理委员会,国务院国资委(直接),122.0
002096,易普力,国务院国有资产监督管理委员会,国务院国资委(直接),120.2
600116,三峡水利,国务院国有资产监督管理委员会,国务院国资委(直接),119.9
000762,西藏矿业,国务院国有资产监督管理委员会,国务院国资委(直接),116.7
600420,国药现代,国务院国有资产监督管理委员会,国务院国资委(直接),114.3
601096,宏盛华源,国务院国有资产监督管理委员会,国务院国资委(直接),112.1
600006,东风股份,国务院国有资产监督管理委员会,国务院国资委(直接),107.6
600268,国电南自,国务院国有资产监督管理委员会,国务院国资委(直接),106.6
002063,远光软件,国务院国有资产监督管理委员会,国务院国资委(直接),105.4
000031,大悦城,国务院国有资产监督管理委员会,国务院国资委(直接),101.6
600787,中储股份,国务院国有资产监督管理委员会,国务院国资委(直接),101.3
688811,有研复材,国务院国有资产监督管理委员会,国务院国资委(直接),101.1
600198,大唐电信,国务院国有资产监督管理委员会,国务院国资委(直接),100.1
000922,佳电股份,国务院国有资产监督管理委员会,国务院国资委(直接),99.9
000950,重药控股,国务院国有资产监督管理委员会,国务院国资委(直接),92.7
300516,久之洋,国务院国有资产监督管理委员会,国务院国资委(直接),90.4
600640,国脉文化,国务院国有资产监督管理委员会,国务院国资委(直接),90.4
688128,中国电研,国务院国有资产监督管理委员会,国务院国资委(直接),89.5
300188,国投智能,国务院国有资产监督管理委员会,国务院国资委(直接),89.0
601718,ST际华,国务院国有资产监督管理委员会,国务院国资委(直接),88.1
000928,中钢国际,国务院国有资产监督管理委员会,国务院国资委(直接),85.5
002039,黔源电力,国务院国有资产监督管理委员会,国务院国资委(直接),82.0
600335,国机汽车,国务院国有资产监督管理委员会,国务院国资委(直接),78.7
600917,重庆燃气,国务院国有资产监督管理委员会,国务院国资委(直接),77.9
603082,北自科技,国务院国有资产监督管理委员会,国务院国资委(直接),77.0
601226,华电科工,国务院国有资产监督管理委员会,国务院国资委(直接),76.0
603128,华贸物流,国务院国有资产监督管理委员会,国务院国资委(直接),75.1
301215,中汽股份,国务院国有资产监督管理委员会,国务院国资委(直接),71.6
002057,中钢天源,国务院国有资产监督管理委员会,国务院国资委(直接),67.8
600962,国投中鲁,国务院国有资产监督管理委员会,国务院国资委(直接),66.4
300197,节能铁汉,国务院国有资产监督管理委员会,国务院国资委(直接),64.3
000566,海南海药,国务院国有资产监督管理委员会,国务院国资委(直接),64.2
688570,天玛智控,国务院国有资产监督管理委员会,国务院国资委(直接),64.1
600501,航天晨光,国务院国有资产监督管理委员会,国务院国资委(直接),64.0
002059,云南旅游,国务院国有资产监督管理委员会,国务院国资委(直接),63.0
600230,沧州大化,国务院国有资产监督管理委员会,国务院国资委(直接),61.5
300087,ST荃银,国务院国有资产监督管理委员会,国务院国资委(直接),60.8
688562,航天软件,国务院国有资产监督管理委员会,国务院国资委(直接),59.2
688334,西高院,国务院国有资产监督管理委员会,国务院国资委(直接),58.2
000713,国投丰乐,国务院国有资产监督管理委员会,国务院国资委(直接),57.1
688151,华强科技,国务院国有资产监督管理委员会,国务院国资委(直接),56.3
301508,中机认检,国务院国有资产监督管理委员会,国务院国资委(直接),56.2
000852,石化机械,国务院国有资产监督管理委员会,国务院国资委(直接),56.0
000920,沃顿科技,国务院国有资产监督管理委员会,国务院国资委(直接),53.6
002189,中光学,国务院国有资产监督管理委员会,国务院国资委(直接),50.5
300523,辰安科技,国务院国有资产监督管理委员会,国务院国资委(直接),50.4
300797,钢研纳克,国务院国有资产监督管理委员会,国务院国资委(直接),50.2
600379,宝光股份,国务院国有资产监督管理委员会,国务院国资委(直接),48.1
300388,节能国祯,国务院国有资产监督管理委员会,国务院国资委(直接),48.1
600469,风神股份,国务院国有资产监督管理委员会,国务院国资委(直接),46.7
002401,中远海科,国务院国有资产监督管理委员会,国务院国资委(直接),45.9
688119,中钢洛耐,国务院国有资产监督管理委员会,国务院国资委(直接),44.8
600101,明星电力,国务院国有资产监督管理委员会,国务院国资委(直接),43.0
300847,中船汉光,国务院国有资产监督管理委员会,国务院国资委(直接),42.2
603126,中材节能,国务院国有资产监督管理委员会,国务院国资委(直接),39.1
600980,北矿科技,国务院国有资产监督管理委员会,国务院国资委(直接),37.4
000736,中交发展,国务院国有资产监督管理委员会,国务院国资委(直接),36.6
600579,中化装备,国务院国有资产监督管理委员会,国务院国资委(直接),36.5
000151,中成股份,国务院国有资产监督管理委员会,国务院国资委(直接),36.5
300962,中金辐照,国务院国有资产监督管理委员会,国务院国资委(直接),35.1
688509,正元地信,国务院国有资产监督管理委员会,国务院国资委(直接),32.6
000698,ST沈化,国务院国有资产监督管理委员会,国务院国资委(直接),30.3
688285,高铁电气,国务院国有资产监督管理委员会,国务院国资委(直接),28.9
300374,中铁装配,国务院国有资产监督管理委员会,国务院国资委(直接),28.2
000985,大庆华科,国务院国有资产监督管理委员会,国务院国资委(直接),23.0
000663,永安林业,国务院国有资产监督管理委员会,国务院国资委(直接),21.3
600444,国机通用,国务院国有资产监督管理委员会,国务院国资委(直接),21.1
002205,国统股份,国务院国有资产监督管理委员会,国务院国资委(直接),21.0
600099,林海股份,国务院国有资产监督管理委员会,国务院国资委(直接),20.6
600941,中国移动,中国移动通信集团有限公司,国务院国资委(经央企集团),21157.3
600938,中国海油,中国海洋石油集团有限公司,国务院国资委(经央企集团),16003.3
600028,中国石化,中国石油化工集团有限公司,国务院国资委(经央企集团),6650.9
002415,海康威视,中国电子科技集团有限公司,国务院国资委(经央企集团),3003.3
600150,中国船舶,中国船舶集团有限公司,国务院国资委(经央企集团),2944.0
002916,深南电路,中国航空工业集团有限公司,国务院国资委(经央企集团),2642.2
600176,中国巨石,中国建材集团有限公司,国务院国资委(经央企集团),1688.1
302132,中航成飞,中国航空工业集团有限公司,国务院国资委(经央企集团),1668.5
600930,华电新能,中国华电集团有限公司,国务院国资委(经央企集团),1647.7
001248,华润新能,中国华润有限公司,国务院国资委(经央企集团),1607.9
600999,招商证券,招商局集团有限公司,国务院国资委(经央企集团),1575.8
601872,招商轮船,招商局集团有限公司,国务院国资委(经央企集团),1530.1
002281,光迅科技,中国信息通信科技集团有限公司,国务院国资委(经央企集团),1506.7
000792,盐湖股份,中国五矿集团有限公司,国务院国资委(经央企集团),1413.4
000657,中钨高新,中国五矿集团有限公司,国务院国资委(经央企集团),1379.0
001280,中国铀业,中国核工业集团有限公司,国务院国资委(经央企集团),1366.4
600760,中航沈飞,中国航空工业集团有限公司,国务院国资委(经央企集团),1353.7
600584,长电科技,中国华润有限公司,国务院国资委(经央企集团),1239.7
688146,中船特气,中国船舶集团有限公司,国务院国资委(经央企集团),1239.4
600893,航发动力,中国航空发动机集团有限公司,国务院国资委(经央企集团),1104.6
600905,三峡能源,中国长江三峡集团有限公司,国务院国资委(经央企集团),1057.7
601698,中国卫通,中国航天科技集团有限公司,国务院国资委(经央企集团),1022.7
000958,电投产融,"国家电力投资集团有限公司,国家电投集团河北电力有限公司",国务院国资委(经央企集团),967.1
000617,中油资本,中国石油天然气集团有限公司,国务院国资委(经央企集团),912.8
002128,电投能源,国家电力投资集团有限公司,国务院国资委(经央企集团),882.0
002080,中材科技,中国建材集团有限公司,国务院国资委(经央企集团),850.6
688818,电科蓝天,中国电子科技集团有限公司,国务院国资委(经央企集团),768.8
688396,华润微,中国华润有限公司,国务院国资委(经央企集团),762.0
002179,中航光电,中国航空工业集团有限公司,国务院国资委(经央企集团),717.7
600118,中国卫星,中国航天科技集团有限公司,国务院国资委(经央企集团),687.4
001965,招商公路,招商局集团有限公司,国务院国资委(经央企集团),656.4
000768,中航西飞,中国航空工业集团有限公司,国务院国资委(经央企集团),654.0
600048,保利发展,中国保利集团有限公司,国务院国资委(经央企集团),634.4
001979,招商蛇口,招商局集团有限公司,国务院国资委(经央企集团),629.3
601808,中海油服,中国海洋石油集团有限公司,国务院国资委(经央企集团),602.2
000831,中国稀土,中国稀土集团有限公司,国务院国资委(经央企集团),587.8
001872,招商港口,招商局集团有限公司,国务院国资委(经央企集团),576.4
600292,电投水电,国家电力投资集团有限公司,国务院国资委(经央企集团),568.4
600372,中航机载,中国航空工业集团有限公司,国务院国资委(经央企集团),566.2
000021,深科技,中国电子信息产业集团有限公司,国务院国资委(经央企集团),562.0
003031,中瓷电子,中国电子科技集团有限公司,国务院国资委(经央企集团),539.2
001391,国货航,中国航空集团有限公司,国务院国资委(经央企集团),507.9
301269,华大九天,中国电子信息产业集团有限公司,国务院国资委(经央企集团),503.7
600845,宝信软件,中国宝武钢铁集团有限公司,国务院国资委(经央企集团),489.8
000066,中国长城,中国电子信息产业集团有限公司,国务院国资委(经央企集团),474.5
600879,航天电子,中国航天科技集团有限公司,国务院国资委(经央企集团),472.8
601598,中国外运,招商局集团有限公司,国务院国资委(经央企集团),466.3
688375,国博电子,中国电子科技集团有限公司,国务院国资委(经央企集团),436.7
600871,石化油服,中国石油化工集团有限公司,国务院国资委(经央企集团),436.0
600726,华电能源,中国华电集团有限公司,国务院国资委(经央企集团),426.2
000999,华润三九,中国华润有限公司,国务院国资委(经央企集团),410.1
600968,海油发展,中国海洋石油集团有限公司,国务院国资委(经央企集团),404.6
600863,华能蒙电,中国华能集团有限公司,国务院国资委(经央企集团),363.6
600562,国睿科技,中国电子科技集团有限公司,国务院国资委(经央企集团),360.5
688295,中复神鹰,中国建材集团有限公司,国务院国资委(经央企集团),349.6
601880,辽港股份,招商局集团有限公司,国务院国资委(经央企集团),344.1
002939,长城证券,中国华能集团有限公司,国务院国资委(经央企集团),326.8
000883,湖北能源,中国长江三峡集团有限公司,国务院国资委(经央企集团),320.0
600536,中国软件,中国电子信息产业集团有限公司,国务院国资委(经央企集团),313.2
600079,ST人福,招商局集团有限公司,国务院国资委(经央企集团),306.9
600688,上海石化,中国石油化工集团有限公司,国务院国资委(经央企集团),306.8
601156,东航物流,中国东方航空集团有限公司,国务院国资委(经央企集团),300.8
688297,中无人机,中国航空工业集团有限公司,国务院国资委(经央企集团),300.5
000423,东阿阿胶,中国华润有限公司,国务院国资委(经央企集团),300.2
002046,国机精工,中国机械工业集团有限公司,国务院国资委(经央企集团),293.0
000962,东方钽业,中国有色矿业集团有限公司,国务院国资委(经央企集团),284.3
000786,北新建材,中国建材集团有限公司,国务院国资委(经央企集团),280.7
000629,钒钛股份,鞍钢集团有限公司,国务院国资委(经央企集团),280.6
600961,株冶集团,中国五矿集团有限公司,国务院国资委(经央企集团),274.8
000877,天山股份,中国建材集团有限公司,国务院国资委(经央企集团),273.0
600583,海油工程,中国海洋石油集团有限公司,国务院国资委(经央企集团),271.0
000738,航发控制,中国航空发动机集团有限公司,国务院国资委(经央企集团),261.2
600259,中稀有色,中国稀土集团有限公司,国务院国资委(经央企集团),260.9
600862,中航高科,中国航空工业集团有限公司,国务院国资委(经央企集团),256.6
600161,天坛生物,中国医药集团有限公司,国务院国资委(经央企集团),247.8
601606,长城军工,中国兵器装备集团有限公司,国务院国资委(经央企集团),245.5
688563,航材股份,中国航空发动机集团有限公司,国务院国资委(经央企集团),241.9
600316,洪都航空,中国航空工业集团有限公司,国务院国资委(经央企集团),234.1
601399,国机重装,中国机械工业集团有限公司,国务院国资委(经央企集团),232.3
600038,中直股份,中国航空工业集团有限公司,国务院国资委(经央企集团),228.8
300747,锐科激光,中国航天科工集团有限公司,国务院国资委(经央企集团),225.5
600390,五矿资本,中国五矿集团有限公司,国务院国资委(经央企集团),225.4
000733,振华科技,中国电子信息产业集团有限公司,国务院国资委(经央企集团),223.9
688475,萤石网络,中国电子科技集团有限公司,国务院国资委(经央企集团),223.3
600967,内蒙一机,中国兵器工业集团有限公司,国务院国资委(经央企集团),222.9
601975,招商南油,招商局集团有限公司,国务院国资委(经央企集团),218.1
600535,天士力,中国华润有限公司,国务院国资委(经央企集团),216.8
000519,中兵红箭,中国兵器工业集团有限公司,国务院国资委(经央企集团),215.6
600765,中航重机,中国航空工业集团有限公司,国务院国资委(经央企集团),214.4
002265,建设工业,中国兵器装备集团有限公司,国务院国资委(经央企集团),214.0
600396,华电辽能,中国华电集团有限公司,国务院国资委(经央企集团),205.4
000825,太钢不锈,中国宝武钢铁集团有限公司,国务院国资委(经央企集团),202.8
600511,国药股份,中国医药集团有限公司,国务院国资委(经央企集团),202.7
600808,马钢股份,中国宝武钢铁集团有限公司,国务院国资委(经央企集团),202.5
000898,鞍钢股份,鞍钢集团有限公司,国务院国资委(经央企集团),196.8
600179,安通控股,招商局集团有限公司,国务院国资委(经央企集团),193.8
002389,航天彩虹,中国航天科技集团有限公司,国务院国资委(经央企集团),192.4
600339,中油工程,中国石油天然气集团有限公司,国务院国资委(经央企集团),192.1
000875,电投绿能,国家电力投资集团有限公司,国务院国资委(经央企集团),177.7
600435,北方导航,中国兵器工业集团有限公司,国务院国资委(经央企集团),176.6
000032,深桑达Ａ,中国电子信息产业集团有限公司,国务院国资委(经央企集团),173.2
001287,中电港,中国电子信息产业集团有限公司,国务院国资委(经央企集团),172.0
300140,节能环境,中国节能环保集团有限公司,国务院国资委(经央企集团),171.4
600776,东方通信,中国电子科技集团有限公司,国务院国资委(经央企集团),168.6
601038,一拖股份,中国机械工业集团有限公司,国务院国资委(经央企集团),167.8
600062,华润双鹤,中国华润有限公司,国务院国资委(经央企集团),167.6
002439,启明星辰,中国移动通信集团有限公司,国务院国资委(经央企集团),162.6
000050,深天马Ａ,中国航空工业集团有限公司,国务院国资委(经央企集团),161.2
600171,上海贝岭,中国电子信息产业集团有限公司,国务院国资委(经央企集团),160.6
600552,凯盛科技,中国建材集团有限公司,国务院国资委(经央企集团),160.2
688709,成都华微,中国电子信息产业集团有限公司,国务院国资委(经央企集团),153.9
000069,华侨城Ａ,华侨城集团有限公司,国务院国资委(经央企集团),151.1
600750,华润江中,中国华润有限公司,国务院国资委(经央企集团),148.0
688779,五矿新能,中国五矿集团有限公司,国务院国资委(经央企集团),148.0
600877,电科芯片,中国电子科技集团有限公司,国务院国资委(经央企集团),142.0
600710,苏美达,中国机械工业集团有限公司,国务院国资委(经央企集团),140.9
600151,航天机电,中国航天科技集团有限公司,国务院国资委(经央企集团),140.0
002226,江南化工,中国兵器工业集团有限公司,国务院国资委(经央企集团),137.5
600391,航发科技,中国航空发动机集团有限公司,国务院国资委(经央企集团),134.4
000799,酒鬼酒,中粮集团有限公司,国务院国资委(经央企集团),128.2
300455,航天智装,中国航天科技集团有限公司,国务院国资委(经央企集团),125.5
000028,国药一致,中国医药集团有限公司,国务院国资委(经央企集团),124.5
002246,北化股份,中国兵器工业集团有限公司,国务院国资委(经央企集团),122.0
600720,中交设计,中国交通建设集团有限公司,国务院国资委(经央企集团),121.4
600343,航天动力,中国航天科技集团有限公司,国务院国资委(经央企集团),121.1
002268,电科网安,中国电子科技集团有限公司,国务院国资委(经央企集团),119.3
601005,重庆钢铁,中国宝武钢铁集团有限公司,国务院国资委(经央企集团),119.2
600850,电科数字,中国电子科技集团有限公司,国务院国资委(经央企集团),119.0
603698,航天工程,中国航天科技集团有限公司,国务院国资委(经央企集团),117.2
600508,上海能源,中国中煤能源集团有限公司,国务院国资委(经央企集团),116.9
002643,万润股份,中国节能环保集团有限公司,国务院国资委(经央企集团),116.5
000065,北方国际,中国北方工业有限公司,国务院国资委(经央企集团),115.3
000901,航天科技,中国航天科工集团有限公司,国务院国资委(经央企集团),114.5
000815,美利云,中国诚通控股集团有限公司,国务院国资委(经央企集团),113.7
600458,时代新材,中国中车集团有限公司,国务院国资委(经央企集团),111.7
688710,益诺思,中国医药集团有限公司,国务院国资委(经央企集团),111.2
300446,航天智造,中国航天科技集团有限公司,国务院国资委(经央企集团),110.9
002544,普天科技,中国电子科技集团有限公司,国务院国资委(经央企集团),110.7
000930,中粮科技,中粮集团有限公司,国务院国资委(经央企集团),108.2
688552,航天南湖,中国航天科工集团有限公司,国务院国资委(经央企集团),108.1
002051,中工国际,中国机械工业集团有限公司,国务院国资委(经央企集团),106.7
301090,华润材料,中国华润有限公司,国务院国资委(经央企集团),106.3
600184,光电股份,中国兵器工业集团有限公司,国务院国资委(经央企集团),105.2
600058,五矿发展,中国五矿集团有限公司,国务院国资委(经央企集团),104.6
002017,东信和平,中国电子科技集团有限公司,国务院国资委(经央企集团),104.4
000727,冠捷科技,中国电子信息产业集团有限公司,国务院国资委(经央企集团),103.7
600480,凌云股份,中国兵器工业集团有限公司,国务院国资委(经央企集团),101.8
000761,本钢板材,鞍钢集团有限公司,国务院国资委(经央企集团),99.0
001914,招商积余,招商局集团有限公司,国务院国资委(经央企集团),97.7
603100,川仪股份,中国机械工业集团有限公司,国务院国资委(经央企集团),96.6
000059,华锦股份,中国兵器工业集团有限公司,国务院国资委(经央企集团),95.3
600328,中盐化工,中国盐业集团有限公司,国务院国资委(经央企集团),95.3
600313,农发种业,中国农业发展集团有限公司,国务院国资委(经央企集团),93.8
002190,成飞集成,中国航空工业集团有限公司,国务院国资委(经央企集团),93.3
600775,南京熊猫,中国电子信息产业集团有限公司,国务院国资委(经央企集团),91.4
688586,江航装备,中国航空工业集团有限公司,国务院国资委(经央企集团),90.4
600782,新钢股份,中国宝武钢铁集团有限公司,国务院国资委(经央企集团),89.8
688190,云路股份,中国航空发动机集团有限公司,国务院国资委(经央企集团),87.7
002368,太极股份,中国电子科技集团有限公司,国务院国资委(经央企集团),87.4
300527,ST应急,中国船舶集团有限公司,国务院国资委(经央企集团),85.3
600973,宝胜股份,中国航空工业集团有限公司,国务院国资委(经央企集团),82.8
000026,飞亚达,中国航空工业集团有限公司,国务院国资委(经央企集团),80.9
600698,湖南天雁,中国长安汽车集团有限公司,国务院国资委(经央企集团),80.3
003009,中天火箭,中国航天科技集团有限公司,国务院国资委(经央企集团),79.1
603395,红四方,中国盐业集团有限公司,国务院国资委(经央企集团),78.7
600129,太极集团,中国医药集团有限公司,国务院国资委(经央企集团),77.8
688439,振华风光,中国电子信息产业集团有限公司,国务院国资委(经央企集团),77.2
688456,有研粉材,中国有研科技集团有限公司,国务院国资委(经央企集团),76.2
603013,亚普股份,国家开发投资集团有限公司,国务院国资委(经央企集团),75.3
300294,博雅生物,中国华润有限公司,国务院国资委(经央企集团),74.8
600195,中牧股份,中国农业发展集团有限公司,国务院国资委(经央企集团),73.6
000503,国新健康,中国国新控股有限责任公司,国务院国资委(经央企集团),69.5
000008,神州高铁,国家开发投资集团有限公司,国务院国资委(经央企集团),69.0
002935,天奥电子,中国电子科技集团有限公司,国务院国资委(经央企集团),66.9
000777,中核科技,中国核工业集团有限公司,国务院国资委(经央企集团),66.1
002140,东华科技,中国化学工程集团有限公司,国务院国资委(经央企集团),66.0
600714,金瑞矿业,国家电力投资集团有限公司,国务院国资委(经央企集团),65.7
688631,莱斯信息,中国电子科技集团有限公司,国务院国资委(经央企集团),65.5
600422,昆药集团,中国华润有限公司,国务院国资委(经央企集团),64.8
000881,中广核技,中国广核集团有限公司,国务院国资委(经央企集团),64.3
600963,岳阳林纸,中国诚通控股集团有限公司,国务院国资委(经央企集团),63.3
002314,南山控股,中国南山开发(集团)股份有限公司,国务院国资委(经央企集团),63.1
002302,西部建设,中国建筑集团有限公司,国务院国资委(经央企集团),61.4
600449,宁夏建材,中国建材集团有限公司,国务院国资委(经央企集团),60.6
600855,航天长峰,中国航天科工集团有限公司,国务院国资委(经央企集团),60.4
601968,宝钢包装,中国宝武钢铁集团有限公司,国务院国资委(经央企集团),60.1
600433,冠豪高新,中国诚通控股集团有限公司,国务院国资委(经央企集团),60.0
002232,启明信息,中国第一汽车集团有限公司,国务院国资委(经央企集团),59.4
301137,哈焊华通,中国机械科学研究总院集团有限公司,国务院国资委(经央企集团),59.3
000016,*ST康佳A,中国华润有限公司,国务院国资委(经央企集团),59.2
300212,*ST易录,中国电子科技集团有限公司,国务院国资委(经央企集团),58.9
600081,东风科技,东风汽车有限公司,国务院国资委(经央企集团),58.0
002419,天虹股份,中国航空工业集团有限公司,国务院国资委(经央企集团),56.3
000717,中南股份,中国宝武钢铁集团有限公司,国务院国资委(经央企集团),56.2
301516,中远通,"中国广核集团有限公司,吉学龙,张学军",国务院国资委(经央企集团),55.6
688707,振华新材,中国电子信息产业集团有限公司,国务院国资委(经央企集团),53.0
600231,凌钢股份,鞍钢集团有限公司,国务院国资委(经央企集团),51.4
600990,四创电子,中国电子科技集团有限公司,国务院国资委(经央企集团),50.6
600495,晋西车轴,中国兵器工业集团有限公司,国务院国资委(经央企集团),50.3
002066,瑞泰科技,中国建材集团有限公司,国务院国资委(经央企集团),50.0
301058,中粮科工,中粮集团有限公司,国务院国资委(经央企集团),49.5
000862,银星能源,中国铝业集团有限公司,国务院国资委(经央企集团),49.4
600523,贵航股份,中国航空工业集团有限公司,国务院国资委(经央企集团),49.0
000720,新能泰山,中国华能集团有限公司,国务院国资委(经央企集团),48.1
600071,凤凰光学,中国电子科技集团有限公司,国务院国资委(经央企集团),47.4
600178,东安动力,中国长安汽车集团有限公司,国务院国资委(经央企集团),46.6
600876,凯盛新能,中国建材集团有限公司,国务院国资委(经央企集团),46.6
603060,国检集团,中国建材集团有限公司,国务院国资委(经央企集团),45.3
000819,岳阳兴长,中国石油化工集团有限公司,国务院国资委(经央企集团),45.2
300557,理工光科,中国信息通信科技集团有限公司,国务院国资委(经央企集团),42.7
000798,中水渔业,中国农业发展集团有限公司,国务院国资委(经央企集团),42.4
600135,乐凯胶片,中国航天科技集团有限公司,国务院国资委(经央企集团),42.1
000731,四川美丰,中国石油化工集团有限公司,国务院国资委(经央企集团),42.0
002116,中国海诚,中国保利集团有限公司,国务院国资委(经央企集团),41.8
600505,西昌电力,国网四川省电力公司,国务院国资委(经央企集团),38.6
300105,龙源技术,国家能源投资集团有限责任公司,国务院国资委(经央企集团),38.3
600581,*ST八钢,中国宝武钢铁集团有限公司,国务院国资委(经央企集团),37.9
600262,北方股份,中国兵器工业集团有限公司,国务院国资委(经央企集团),37.4
002305,*ST南置,中国电力建设集团有限公司,国务院国资委(经央企集团),36.8
002037,保利联合,中国保利集团有限公司,国务院国资委(经央企集团),34.8
301311,昆船智能,"中船科技股份有限公司,中国船舶集团有限公司",国务院国资委(经央企集团),33.2
688722,同益中,国家开发投资集团有限公司,国务院国资委(经央企集团),32.6
000554,泰山石油,中国石油化工集团有限公司,国务院国资委(经央企集团),32.1
000635,英 力 特,国家能源投资集团有限责任公司,国务院国资委(经央企集团),29.4
300425,中建环能,中国建筑集团有限公司,国务院国资委(经央企集团),28.4
601798,蓝科高新,中国机械工业集团有限公司,国务院国资委(经央企集团),27.5
600560,金自天正,中国钢研科技集团有限公司,国务院国资委(经央企集团),25.7
600148,长春一东,中国兵器工业集团有限公司,国务院国资委(经央企集团),22.9
300396,ST迪瑞,中国华润有限公司,国务院国资委(经央企集团),19.8
