代码,名称,实际控制人,类型,总市值(亿),现价,每股净资产(元),市净率,折价率(%)
601186,中国铁建,国务院国有资产监督管理委员会,国务院国资委(直接),828.4,6.1,20.33,0.3,70.0
600048,保利发展,中国保利集团有限公司,国务院国资委(经央企集团),634.4,5.3,16.06,0.33,67.0
601800,中国交建,国务院国有资产监督管理委员会,国务院国资委(直接),971.2,5.99,18.15,0.33,67.0
601390,中国中铁,国务院国有资产监督管理委员会,国务院国资委(直接),1076.9,4.41,13.36,0.33,67.0
600782,新钢股份,中国宝武钢铁集团有限公司,国务院国资委(经央企集团),89.8,2.83,7.86,0.36,64.0
601668,中国建筑,国务院国有资产监督管理委员会,国务院国资委(直接),1805.7,4.37,12.14,0.36,64.0
000877,天山股份,中国建材集团有限公司,国务院国资委(经央企集团),273.0,3.85,10.13,0.38,62.0
000898,鞍钢股份,鞍钢集团有限公司,国务院国资委(经央企集团),196.8,2.1,4.47,0.47,53.0
300070,碧水源,国务院国有资产监督管理委员会,国务院国资委(直接),128.3,3.52,7.49,0.47,53.0
000069,华侨城Ａ,华侨城集团有限公司,国务院国资委(经央企集团),151.1,1.87,3.98,0.47,53.0
601618,中国中冶,国务院国有资产监督管理委员会,国务院国资委(直接),540.1,2.61,4.92,0.53,47.0
600390,五矿资本,中国五矿集团有限公司,国务院国资委(经央企集团),225.4,5.0,9.43,0.53,47.0
601669,中国电建,国务院国有资产监督管理委员会,国务院国资委(直接),799.3,4.65,8.45,0.55,45.0
000778,新兴铸管,国务院国有资产监督管理委员会,国务院国资委(直接),152.2,3.82,6.59,0.58,42.0
000050,深天马Ａ,中国航空工业集团有限公司,国务院国资委(经央企集团),161.2,6.6,10.82,0.61,39.0
600528,中铁工业,国务院国有资产监督管理委员会,国务院国资委(直接),155.7,7.0,11.48,0.61,39.0
600019,宝钢股份,国务院国有资产监督管理委员会,国务院国资委(直接),1261.2,5.8,9.51,0.61,39.0
000825,太钢不锈,中国宝武钢铁集团有限公司,国务院国资委(经央企集团),202.8,3.55,5.73,0.62,38.0
601117,中国化学,国务院国有资产监督管理委员会,国务院国资委(直接),450.0,7.37,11.34,0.65,35.0
001979,招商蛇口,招商局集团有限公司,国务院国资委(经央企集团),629.3,7.02,10.8,0.65,35.0
000028,国药一致,中国医药集团有限公司,国务院国资委(经央企集团),124.5,20.35,30.83,0.66,34.0
600335,国机汽车,国务院国有资产监督管理委员会,国务院国资委(直接),78.7,5.28,7.88,0.67,33.0
000591,太阳能,国务院国有资产监督管理委员会,国务院国资委(直接),169.9,4.34,6.2,0.7,30.0
600339,中油工程,中国石油天然气集团有限公司,国务院国资委(经央企集团),192.1,3.44,4.85,0.71,29.0
600787,中储股份,国务院国有资产监督管理委员会,国务院国资委(直接),101.3,4.66,6.38,0.73,27.0
601718,ST际华,国务院国有资产监督管理委员会,国务院国资委(直接),88.1,2.02,2.73,0.74,26.0
600720,中交设计,中国交通建设集团有限公司,国务院国资委(经央企集团),121.4,5.29,6.96,0.76,24.0
600061,国投资本,国务院国有资产监督管理委员会,国务院国资委(直接),414.3,6.48,8.42,0.77,23.0
600050,中国联通,国务院国有资产监督管理委员会,国务院国资委(直接),1325.6,4.24,5.51,0.77,23.0
000537,绿发电力,国务院国有资产监督管理委员会,国务院国资委(直接),155.6,7.56,9.69,0.78,22.0
600582,天地科技,国务院国有资产监督管理委员会,国务院国资委(直接),196.2,4.73,6.06,0.78,22.0
002302,西部建设,中国建筑集团有限公司,国务院国资委(经央企集团),61.4,4.87,6.16,0.79,21.0
600028,中国石化,中国石油化工集团有限公司,国务院国资委(经央企集团),6650.9,5.5,6.96,0.79,21.0
000950,重药控股,国务院国有资产监督管理委员会,国务院国资委(直接),92.7,5.4,6.84,0.79,21.0
000553,安道麦A,国务院国有资产监督管理委员会,国务院国资委(直接),141.0,6.05,7.56,0.8,20.0
600328,中盐化工,中国盐业集团有限公司,国务院国资委(经央企集团),95.3,6.47,7.99,0.81,19.0
601005,重庆钢铁,中国宝武钢铁集团有限公司,国务院国资委(经央企集团),119.2,1.24,1.53,0.81,19.0
600449,宁夏建材,中国建材集团有限公司,国务院国资委(经央企集团),60.6,12.65,15.43,0.82,18.0
600963,岳阳林纸,中国诚通控股集团有限公司,国务院国资委(经央企集团),63.3,3.61,4.35,0.83,17.0
600420,国药现代,国务院国有资产监督管理委员会,国务院国资委(直接),114.3,8.53,10.28,0.83,17.0
000717,中南股份,中国宝武钢铁集团有限公司,国务院国资委(经央企集团),56.2,2.32,2.76,0.84,16.0
000883,湖北能源,中国长江三峡集团有限公司,国务院国资委(经央企集团),320.0,4.49,5.28,0.85,15.0
000617,中油资本,中国石油天然气集团有限公司,国务院国资委(经央企集团),912.8,7.21,8.48,0.85,15.0
600808,马钢股份,中国宝武钢铁集团有限公司,国务院国资委(经央企集团),202.5,2.63,3.09,0.85,15.0
601880,辽港股份,招商局集团有限公司,国务院国资委(经央企集团),344.1,1.47,1.71,0.86,14.0
001872,招商港口,招商局集团有限公司,国务院国资委(经央企集团),576.4,23.21,26.38,0.88,12.0
001914,招商积余,招商局集团有限公司,国务院国资委(经央企集团),97.7,9.23,10.37,0.89,11.0
600508,上海能源,中国中煤能源集团有限公司,国务院国资委(经央企集团),116.9,11.5,12.64,0.91,9.0
600970,中材国际,国务院国有资产监督管理委员会,国务院国资委(直接),206.3,7.85,8.63,0.91,9.0
002051,中工国际,中国机械工业集团有限公司,国务院国资委(经央企集团),106.7,8.69,9.34,0.93,7.0
000625,长安汽车,国务院国有资产监督管理委员会,国务院国资委(直接),711.7,7.17,7.71,0.93,7.0
601868,中国能建,国务院国有资产监督管理委员会,国务院国资委(直接),1097.2,2.49,2.68,0.93,7.0
000059,华锦股份,中国兵器工业集团有限公司,国务院国资委(经央企集团),95.3,5.93,6.31,0.94,6.0
600583,海油工程,中国海洋石油集团有限公司,国务院国资委(经央企集团),271.0,6.14,6.53,0.94,6.0
001965,招商公路,招商局集团有限公司,国务院国资委(经央企集团),656.4,9.63,10.14,0.95,5.0
300388,节能国祯,国务院国有资产监督管理委员会,国务院国资委(直接),48.1,7.06,7.2,0.98,2.0
002423,中粮资本,国务院国有资产监督管理委员会,国务院国资委(直接),227.9,9.88,9.98,0.99,1.0
600271,航天信息,国务院国有资产监督管理委员会,国务院国资委(直接),128.0,6.89,6.96,0.99,1.0
